Country,Total,Average,Median,Maximum,Minimum
India,1374333.0,28631.9375,30045.0,56715.0,5340.0
Russian Federation,677270.0,14109.791666666666,10498.0,35268.0,1426.0
United Kingdom,605891.0,12622.729166666666,11289.5,25528.0,2872.0
UNITED KINGDOM,525053.0,10938.604166666666,8419.0,30366.0,0.0
INDIA,500627.0,13906.305555555555,8467.0,48442.0,0.0
Germany,442131.0,9211.0625,8366.0,18324.0,2149.0
"INDIA, REPUBLIC OF",424887.0,35407.25,32942.5,45797.0,29860.0
GERMANY,338736.0,7057.0,6135.5,24423.0,0.0
China,337220.0,7025.416666666667,8556.0,16709.0,226.0
Australia,297420.0,6196.25,6230.0,14820.0,1660.0
France,289549.0,6032.270833333333,5489.5,15469.0,1076.0
"CHINA, PEOPLE'S REPUBLIC OF",265965.0,22163.75,20012.0,35929.0,17103.0
AUSTRALIA,228306.0,4756.375,4641.5,14961.0,0.0
RUSSIAN FEDERATION,217337.0,4527.854166666667,1282.0,20948.0,0.0
CHINA,196427.0,5456.305555555556,230.0,28039.0,0.0
United States,194079.0,4043.3125,3873.0,8524.0,991.0
Canada,159134.0,3315.2916666666665,3318.5,5737.0,1552.0
Netherlands,155323.0,3235.8958333333335,2547.5,15556.0,423.0
Maldives,140595.0,2929.0625,2811.5,8040.0,567.0
Poland,127295.0,2651.9791666666665,2115.0,8519.0,203.0
Bangladesh,120781.0,2516.2708333333335,2371.5,7282.0,129.0
Spain,120766.0,2515.9583333333335,2248.5,8843.0,597.0
FRANCE,119010.0,3305.8333333333335,639.0,17295.0,0.0
CANADA,118925.0,2477.6041666666665,2395.5,6512.0,0.0
Italy,118830.0,2475.625,1727.0,12247.0,329.0
NETHERLANDS,107231.0,2233.9791666666665,1507.0,13342.0,0.0
FRANCE (FRENCH REPUBLIC),106449.0,8870.75,8443.0,16871.0,3688.0
Switzerland,100269.0,2088.9375,1814.0,5089.0,570.0
UKRAINE,95772.0,1995.25,1207.5,8549.0,0.0
UNITED STATES,91798.0,2549.9444444444443,442.0,12543.0,0.0
Japan,91252.0,1901.0833333333333,2043.0,5127.0,92.0
JAPAN,86565.0,1803.4375,1095.5,5625.0,0.0
ITALY,84438.0,1759.125,811.0,6433.0,0.0
Israel,78279.0,1630.8125,1551.0,4162.0,150.0
"MALDIVES, REPUBLIC OF",76108.0,6342.333333333333,5910.0,12054.0,4343.0
MALDIVES,75957.0,2109.9166666666665,652.0,9033.0,0.0
UNITED STATES OF AMERICA,75308.0,6275.666666666667,5891.5,9701.0,3714.0
SWITZERLAND,73309.0,1527.2708333333333,1176.5,5460.0,0.0
SWEDEN,59393.0,1237.3541666666667,469.0,6834.0,0.0
SPAIN,59097.0,1231.1875,948.0,5782.0,0.0
Czech Republic,57767.0,1203.4791666666667,848.0,3852.0,53.0
Malaysia,55662.0,1159.625,1150.0,2570.0,123.0
POLAND,55292.0,1151.9166666666667,681.5,5577.0,0.0
Belgium,55106.0,1148.0416666666667,895.5,4511.0,212.0
Pakistan,52751.0,1098.9791666666667,951.0,6833.0,138.0
Austria,51426.0,1071.375,882.5,2640.0,109.0
Denmark,49954.0,1040.7083333333333,819.0,2822.0,164.0
CZECH REPUBLIC,46267.0,963.8958333333334,578.0,4449.0,0.0
MALAYSIA,43486.0,905.9583333333334,926.0,2389.0,0.0
Sweden,42016.0,875.3333333333334,629.5,4193.0,104.0
Singapore,40998.0,854.125,855.5,2011.0,156.0
AUSTRIA,39835.0,829.8958333333334,543.0,3156.0,0.0
Norway,39161.0,815.8541666666666,608.5,1982.0,192.0
BELGIUM,37121.0,773.3541666666666,594.5,3681.0,0.0
Belarus,36054.0,751.125,509.5,2342.0,34.0
Ukraine,35856.0,747.0,315.5,7774.0,58.0
New Zealand,35517.0,739.9375,737.5,1850.0,112.0
Iran,35267.0,734.7291666666666,430.5,3738.0,35.0
"SAUDI ARABIA, KINGDOM OF",34703.0,2891.9166666666665,1347.5,8409.0,666.0
Kazakhstan,33862.0,705.4583333333334,162.5,3350.0,12.0
South Korea,32110.0,668.9583333333334,606.0,2149.0,63.0
SOUTH KOREA,30831.0,642.3125,635.0,2493.0,0.0
NEW ZEALAND,28937.0,602.8541666666666,617.5,1938.0,0.0
Ireland,27596.0,574.9166666666666,551.5,1269.0,52.0
PAKISTAN,25240.0,701.1111111111111,479.0,2836.0,0.0
Saudi Arabia,24756.0,515.75,365.0,1564.0,91.0
DENMARK,23076.0,641.0,90.5,3980.0,0.0
Thailand,22488.0,468.5,467.5,1220.0,72.0
SAUDI ARABIA,22058.0,612.7222222222222,55.5,3914.0,0.0
IRELAND,21937.0,457.0208333333333,322.5,1470.0,0.0
Portugal,20323.0,423.3958333333333,359.5,1021.0,64.0
Romania,20215.0,421.1458333333333,338.0,1367.0,46.0
ISRAEL,20050.0,556.9444444444445,128.5,1899.0,0.0
Turkey,20038.0,417.4583333333333,373.0,1152.0,42.0
"SINGAPORE, REPUBLIC OF",19861.0,1655.0833333333333,1541.5,2524.0,1219.0
PHILIPPINES,19368.0,538.0,53.5,1890.0,0.0
"PHILIPPINES, REPUBLIC OF",19303.0,1608.5833333333333,1661.5,1775.0,1306.0
"DENMARK, KINGDOM OF",19223.0,1601.9166666666667,976.5,3228.0,456.0
"PAKISTAN, ISLAMIC REPUBLIC OF",19116.0,1593.0,1521.5,2099.0,1150.0
Hungary,19098.0,397.875,250.0,1544.0,17.0
FINLAND,18555.0,386.5625,160.0,1860.0,0.0
Philippines,18173.0,378.6041666666667,396.5,745.0,97.0
Lithuania,17738.0,369.5416666666667,186.5,1639.0,21.0
NORWAY,17606.0,489.05555555555554,118.0,2053.0,0.0
"NORWAY, KINGDOM OF",17217.0,1434.75,1406.0,3067.0,511.0
SINGAPORE,16973.0,471.47222222222223,23.5,1881.0,0.0
GREECE,16580.0,345.4166666666667,447.0,921.0,0.0
Slovakia,16464.0,457.3333333333333,340.5,1209.0,38.0
Nepal,15994.0,333.2083333333333,356.5,689.0,25.0
United Arab Emirates,14244.0,296.75,227.5,862.0,51.0
ROMANIA,13938.0,290.375,186.0,1042.0,0.0
Egypt,13862.0,288.7916666666667,275.0,491.0,41.0
"ISRAEL, STATE OF",13833.0,1152.75,1189.0,2778.0,399.0
Finland,13350.0,278.125,177.0,1038.0,28.0
PORTUGAL,13100.0,272.9166666666667,187.5,862.0,0.0
Indonesia,12037.0,250.77083333333334,248.5,616.0,30.0
THAILAND,11988.0,333.0,17.5,1208.0,0.0
Jordan,11972.0,249.41666666666666,236.0,545.0,79.0
Lebanon,11928.0,248.5,243.0,671.0,58.0
BANGLADESH,11743.0,326.19444444444446,199.0,1029.0,0.0
Bulgaria,11564.0,240.91666666666666,123.5,838.0,13.0
Estonia,10895.0,226.97916666666666,81.5,934.0,2.0
LEBANON,10855.0,226.14583333333334,181.5,676.0,0.0
HUNGARY,10638.0,221.625,100.5,894.0,0.0
South Africa,10542.0,439.25,367.5,1210.0,195.0
"BANGLADESH, PEOPLE'S REPUBLIC OF",10487.0,873.9166666666666,875.5,1060.0,672.0
KAZAKHSTAN,10486.0,291.27777777777777,33.5,2462.0,0.0
Greece,10238.0,213.29166666666666,149.0,857.0,16.0
Latvia,10071.0,209.8125,97.5,844.0,6.0
UNITED ARAB EMIRATES,9919.0,206.64583333333334,134.0,1199.0,0.0
Slovenia,9704.0,202.16666666666666,185.0,684.0,3.0
"THAILAND, KINGDOM OF",9178.0,764.8333333333334,765.0,1031.0,566.0
TAIWAN PROVINCE OF CHINA,9154.0,254.27777777777777,4.0,1296.0,0.0
Armenia,8367.0,174.3125,128.0,653.0,14.0
Oman,8314.0,173.20833333333334,140.0,685.0,18.0
TAIWAN (REPUBLIC OF CHINA),8187.0,682.25,602.0,1152.0,412.0
BELARUS,8080.0,224.44444444444446,30.5,1101.0,0.0
INDONESIA,7889.0,219.13888888888889,193.0,806.0,0.0
Seychelles,7864.0,163.83333333333334,146.0,578.0,7.0
SLOVENIA,7719.0,160.8125,67.5,754.0,0.0
LITHUANIA,7616.0,158.66666666666666,98.5,574.0,0.0
"SOUTH AFRICA, REPUBLIC OF",7416.0,618.0,541.0,1752.0,259.0
SOUTH AFRICA-ZUID AFRIKA,7404.0,308.5,130.5,1966.0,0.0
TURKEY,7402.0,205.61111111111111,23.5,1145.0,0.0
NEPAL,7123.0,197.86111111111111,18.0,656.0,0.0
SLOVAKIA(SLOVAK REPUBLIC),7121.0,197.80555555555554,40.5,913.0,0.0
"OMAN, SULTANATE OF",6846.0,570.5,308.0,2171.0,84.0
ESTONIA,6821.0,142.10416666666666,31.5,651.0,0.0
Kuwait,6691.0,139.39583333333334,131.5,293.0,36.0
Serbia,6350.0,132.29166666666666,105.0,392.0,6.0
BULGARIA,6236.0,129.91666666666666,77.0,607.0,0.0
Brazil,6057.0,126.1875,118.0,259.0,27.0
Azerbaijan,5868.0,122.25,92.5,469.0,9.0
"IRAN, ISLAMIC REPUBLIC OF",5720.0,476.6666666666667,300.0,1716.0,196.0
Myanmar,5460.0,113.75,82.5,527.0,10.0
OMAN,5408.0,150.22222222222223,13.0,890.0,0.0
"INDONESIA, REPUBLIC OF",5365.0,447.0833333333333,469.0,589.0,349.0
"NEPAL, FEDERAL DEMOCRATIC REPUBLIC OF",5302.0,441.8333333333333,422.5,642.0,352.0
SLOVAK REPUBLIC,5289.0,440.75,380.5,896.0,145.0
Viet Nam,5270.0,219.58333333333334,217.5,346.0,103.0
Croatia,5253.0,109.4375,75.5,385.0,8.0
EGYPT,5064.0,140.66666666666666,11.0,487.0,0.0
Taiwan Province of China,4999.0,416.5833333333333,392.5,761.0,151.0
South Africa-Zuid Afrika,4946.0,206.08333333333334,173.0,901.0,34.0
CROATIA,4867.0,101.39583333333333,65.0,481.0,0.0
LATVIA,4728.0,98.5,42.0,373.0,0.0
Iraq,4696.0,97.83333333333333,87.0,302.0,18.0
Uzbekistan,4624.0,96.33333333333333,56.5,563.0,12.0
"BELARUS, REPUBLIC OF",4621.0,385.0833333333333,271.0,942.0,71.0
Slovakia(Slovak Republic),4464.0,372.0,372.5,617.0,129.0
JORDAN,4394.0,122.05555555555556,28.5,517.0,0.0
IRAN,4294.0,119.27777777777777,20.5,1025.0,0.0
"TURKEY, REPUBLIC OF",4262.0,355.1666666666667,268.5,658.0,169.0
Vietnam,4248.0,177.0,149.5,778.0,17.0
KUWAIT,4230.0,117.5,12.0,545.0,0.0
Bahrain,4221.0,87.9375,77.5,232.0,14.0
MEXICO,4050.0,84.375,45.0,849.0,0.0
BRAZIL,3998.0,111.05555555555556,6.0,637.0,0.0
Sudan,3896.0,81.16666666666667,67.0,288.0,14.0
"EGYPT, ARAB REPUBLIC OF",3854.0,321.1666666666667,279.5,518.0,161.0
Cyprus,3802.0,79.20833333333333,58.0,312.0,11.0
MYANMAR,3695.0,102.63888888888889,4.5,653.0,0.0
ARGENTINA,3678.0,76.625,43.5,300.0,0.0
Georgia,3516.0,73.25,64.5,216.0,12.0
"KUWAIT, STATE OF",3465.0,288.75,233.0,599.0,143.0
Morocco,3415.0,71.14583333333333,76.0,134.0,10.0
Mexico,3377.0,70.35416666666667,62.5,155.0,12.0
VIET NAM,3352.0,139.66666666666666,134.0,499.0,0.0
Kyrgyzstan,3283.0,68.39583333333333,55.5,239.0,0.0
VIETNAM,3241.0,135.04166666666666,105.0,380.0,0.0
"MYANMAR, REPUBLIC OF THE UNION OF",3241.0,270.0833333333333,201.0,695.0,113.0
CAMBODIA,3227.0,89.63888888888889,1.5,1592.0,0.0
"JORDAN, THE HASHEMITE KINGDOM OF",3156.0,263.0,261.0,392.0,117.0
Malta,3074.0,64.04166666666667,40.0,204.0,5.0
Cambodia,3040.0,63.333333333333336,41.5,551.0,2.0
BAHRAIN,2962.0,82.27777777777777,9.0,404.0,0.0
Tunisia,2913.0,60.6875,56.0,165.0,9.0
Argentina,2872.0,59.833333333333336,54.5,164.0,4.0
"BAHRAIN, KINGDOM OF",2858.0,238.16666666666666,173.0,588.0,90.0
Kenya,2851.0,59.395833333333336,44.5,308.0,5.0
"BRAZIL, FEDERATIVE REPUBLIC OF",2774.0,231.16666666666666,140.5,786.0,98.0
Qatar,2744.0,57.166666666666664,40.0,179.0,4.0
"KAZAKHSTAN, REPUBLIC OF",2721.0,226.75,133.0,674.0,67.0
Luxembourg,2390.0,49.791666666666664,37.0,144.0,5.0
Mauritius,2327.0,48.479166666666664,29.0,251.0,2.0
Colombia,2248.0,46.833333333333336,47.5,88.0,8.0
Palestinian Territories,2188.0,45.583333333333336,39.5,133.0,0.0
PALESTINIAN TERRITORIES,2145.0,44.6875,40.0,167.0,0.0
Moldova,2032.0,42.333333333333336,17.5,167.0,1.0
Bhutan,1899.0,39.5625,36.0,135.0,1.0
LUXEMBOURG,1846.0,38.458333333333336,19.5,220.0,0.0
Chile,1817.0,37.854166666666664,35.0,86.0,4.0
"SERBIA, REPUBLIC OF",1804.0,150.33333333333334,119.0,293.0,47.0
KENYA,1708.0,47.44444444444444,4.0,615.0,0.0
SUDAN,1682.0,35.041666666666664,30.0,142.0,0.0
"QATAR, STATE OF",1676.0,139.66666666666666,93.0,379.0,51.0
GEORGIA,1611.0,33.5625,26.0,108.0,0.0
SERBIA.,1498.0,124.83333333333333,91.5,274.0,32.0
Algeria,1461.0,30.4375,26.5,174.0,6.0
MOROCCO,1427.0,39.638888888888886,4.0,165.0,0.0
MALTA,1388.0,28.916666666666668,13.0,141.0,0.0
"YEMEN, REPUBLIC OF",1367.0,113.91666666666667,75.0,249.0,57.0
ARMENIA,1365.0,37.916666666666664,5.5,157.0,0.0
SOUTH AFRICA- ZUID AFRIKA,1364.0,113.66666666666667,0.0,686.0,0.0
YEMEN (YEMEN ARAB REP.),1343.0,37.30555555555556,3.0,400.0,0.0
IRAQ,1252.0,34.77777777777778,7.5,133.0,0.0
CHILE,1232.0,34.22222222222222,2.0,204.0,0.0
QATAR,1226.0,34.05555555555556,4.5,220.0,0.0
"ARMENIA, REPUBLIC OF",1210.0,100.83333333333333,87.5,180.0,53.0
KYRGYZSTAN,1166.0,24.291666666666668,11.5,122.0,0.0
Yemen,1152.0,32.0,27.0,75.0,3.0
TUNISIA,1108.0,30.77777777777778,5.0,278.0,0.0
Iceland,1055.0,21.979166666666668,19.5,58.0,1.0
"MOROCCO, KINGDOM OF",1036.0,86.33333333333333,83.5,147.0,31.0
ICELAND,1028.0,21.416666666666668,12.5,112.0,0.0
"IRAQ, REPUBLIC OF",1021.0,85.08333333333333,79.5,157.0,38.0
"CHILE, REPUBLIC OF",1002.0,83.5,76.5,147.0,43.0
COLOMBIA,990.0,27.5,4.0,110.0,0.0
Tanzania,963.0,20.0625,12.5,259.0,1.0
CYPRUS,953.0,26.47222222222222,6.5,118.0,0.0
MAURITIUS,932.0,25.88888888888889,2.0,286.0,0.0
TANZANIA,924.0,25.666666666666668,0.5,481.0,0.0
"KENYA, REPUBLIC OF",874.0,72.83333333333333,58.5,195.0,35.0
"AFGHANISTAN, ISLAMIC REPUBLIC OF",861.0,71.75,62.0,150.0,34.0
UZBEKISTAN,861.0,23.916666666666668,8.0,118.0,0.0
Bosnia and Herzegovina,831.0,23.083333333333332,18.0,67.0,3.0
Peru,775.0,16.145833333333332,14.0,42.0,1.0
"CAMBODIA, KINGDOM OF",771.0,64.25,57.5,142.0,19.0
MOLDOVA,760.0,21.11111111111111,4.5,120.0,0.0
Macedonia,738.0,15.375,15.0,39.0,0.0
AZERBAIJAN,724.0,20.11111111111111,7.0,151.0,0.0
"MAURITIUS, REPUBLIC OF",720.0,60.0,58.0,100.0,24.0
Tajikistan,719.0,14.979166666666666,11.0,46.0,0.0
"TUNISIA, REPUBLIC OF",712.0,59.333333333333336,56.5,105.0,29.0
"COLOMBIA, REPUBLIC OF",702.0,58.5,52.5,113.0,32.0
"BHUTAN, KINGDOM OF",679.0,56.583333333333336,44.5,136.0,29.0
"CYPRUS, REPUBLIC OF",672.0,56.0,51.0,98.0,32.0
SERBIA,659.0,27.458333333333332,1.0,204.0,0.0
SEYCHELLES,641.0,13.354166666666666,0.0,411.0,0.0
AFGHANISTAN,634.0,17.61111111111111,1.0,65.0,0.0
Fiji,613.0,12.770833333333334,10.0,40.0,0.0
Uganda,607.0,12.645833333333334,11.0,33.0,1.0
Zimbabwe,604.0,12.583333333333334,11.5,37.0,0.0
"UZBEKISTAN, REPUBLIC OF",596.0,49.666666666666664,45.5,88.0,24.0
BHUTAN,556.0,15.444444444444445,1.0,137.0,0.0
Mongolia,542.0,11.291666666666666,9.0,36.0,0.0
UGANDA,539.0,11.229166666666666,5.0,197.0,0.0
Ethiopia,530.0,11.041666666666666,11.0,27.0,0.0
MONTENEGRO,529.0,11.020833333333334,6.5,65.0,0.0
Madagascar,525.0,10.9375,9.5,48.0,2.0
"AZERBAIJAN, REPUBLIC OF",512.0,42.666666666666664,30.0,109.0,13.0
Afghanistan,497.0,10.354166666666666,5.5,61.0,0.0
Montenegro,494.0,10.291666666666666,6.0,60.0,0.0
ALBANIA,469.0,13.027777777777779,0.0,54.0,0.0
Albania,463.0,9.645833333333334,8.5,33.0,2.0
"MOLDOVA, REPUBLIC OF",452.0,37.666666666666664,28.0,100.0,11.0
Yemen (Yemen Arab Republic),445.0,37.083333333333336,29.5,83.0,22.0
Uruguay,442.0,9.208333333333334,7.0,46.0,1.0
Saint Kitts and Nevis,429.0,11.916666666666666,10.0,26.0,3.0
SYRIAN ARAB REPUBLIC,423.0,8.8125,2.5,49.0,0.0
Ecuador,422.0,8.791666666666666,9.0,24.0,1.0
Venezuela,417.0,8.6875,8.5,25.0,0.0
PERU,413.0,11.472222222222221,0.5,44.0,0.0
Dominica,412.0,8.583333333333334,7.0,28.0,0.0
"NIGERIA, FEDERAL REPUBLIC OF",412.0,34.333333333333336,36.5,47.0,22.0
Turkmenistan,412.0,8.583333333333334,7.0,40.0,0.0
MONGOLIA,387.0,8.0625,4.0,37.0,0.0
ALGERIA,385.0,10.694444444444445,0.5,49.0,0.0
Nigeria,376.0,7.833333333333333,6.0,39.0,0.0
"ALGERIA, PEOPLE'S DEMOCRATIC REPUBLIC OF",368.0,30.666666666666668,27.0,71.0,12.0
Taiwan,363.0,30.25,22.5,77.0,11.0
MADAGASCAR,337.0,7.020833333333333,3.0,113.0,0.0
COMOROS,337.0,7.020833333333333,3.5,47.0,0.0
Andorra,335.0,6.979166666666667,5.0,33.0,0.0
Liechtenstein,315.0,6.5625,6.0,25.0,0.0
Costa Rica,311.0,6.479166666666667,6.0,20.0,0.0
"MACEDONIA, REPUBLIC OF",310.0,25.833333333333332,23.0,44.0,13.0
"PERU, REPUBLIC OF",301.0,25.083333333333332,21.0,50.0,6.0
BOSNIA AND HERZEGOVINA,284.0,11.833333333333334,9.5,34.0,0.0
Papua New Guinea,283.0,5.895833333333333,3.0,46.0,0.0
Comoros,274.0,5.708333333333333,3.5,17.0,0.0
Trinidad and Tobago,270.0,7.5,6.5,17.0,2.0
BOSNIA & HERZEGOVINA,261.0,21.75,18.5,45.0,8.0
ZIMBABWE,253.0,7.027777777777778,0.5,37.0,0.0
Somalia,251.0,5.229166666666667,4.0,19.0,0.0
"ZIMBABWE, REPUBLIC OF",247.0,20.583333333333332,18.0,46.0,9.0
FIJI,242.0,6.722222222222222,1.5,49.0,0.0
Ghana,241.0,5.020833333333333,3.0,39.0,0.0
MACEDONIA,235.0,6.527777777777778,1.0,28.0,0.0
"VENEZUELA, BOLIVARIAN REPUBLIC OF",227.0,18.916666666666668,17.0,40.0,11.0
"TANZANIA, UNITED REPUBLIC OF",227.0,18.916666666666668,18.0,29.0,10.0
Lao People's Democratic Republic,227.0,18.916666666666668,17.5,37.0,7.0
Jamaica,218.0,4.541666666666667,4.0,18.0,0.0
VENEZUELA,217.0,6.027777777777778,1.0,33.0,0.0
Guatemala,208.0,4.333333333333333,4.0,14.0,0.0
NIGERIA,208.0,5.777777777777778,0.5,43.0,0.0
"ETHIOPIA, FEDERAL DEMOCRATIC REPUBLIC OF",207.0,17.25,17.5,28.0,9.0
TURKMENISTAN,198.0,4.125,1.0,35.0,0.0
ETHIOPIA,194.0,5.388888888888889,3.0,21.0,0.0
JAMAICA,193.0,4.020833333333333,2.0,22.0,0.0
Brunei Darussalam,193.0,4.020833333333333,2.0,17.0,0.0
PAPUA NEW GUINEA,190.0,3.9583333333333335,0.5,35.0,0.0
COSTA RICA,185.0,5.138888888888889,0.0,35.0,0.0
"ALBANIA, REPUBLIC OF",177.0,14.75,14.0,31.0,5.0
Vanuatu,177.0,3.6875,3.0,13.0,0.0
Botswana,174.0,3.625,2.0,21.0,0.0
Cuba,171.0,3.5625,3.0,12.0,0.0
URUGUAY,171.0,4.75,0.5,25.0,0.0
Bolivia,164.0,3.4166666666666665,3.0,8.0,0.0
Zambia,160.0,4.444444444444445,2.5,16.0,0.0
"FIJI, REPUBLIC OF",159.0,13.25,14.5,19.0,5.0
"LAO, PEOPLE'S DEMOCRATIC REPUBLIC",158.0,13.166666666666666,9.5,39.0,3.0
DOMINICAN REPUBLIC,158.0,4.388888888888889,3.0,44.0,0.0
Libya,155.0,4.305555555555555,3.0,30.0,0.0
Malawi,154.0,3.2083333333333335,3.0,11.0,0.0
TRINIDAD AND TOBAGO,154.0,4.277777777777778,0.5,45.0,0.0
ECUADOR,152.0,4.222222222222222,0.5,31.0,0.0
BOLIVIA,147.0,3.0625,2.0,17.0,0.0
LIECHTENSTEIN,147.0,4.083333333333333,1.0,19.0,0.0
"ECUADOR, REPUBLIC OF",136.0,11.333333333333334,9.0,43.0,0.0
TAJIKISTAN,136.0,3.7777777777777777,1.0,20.0,0.0
Mozambique,135.0,2.8125,2.0,19.0,0.0
"COSTA RICA, REPUBLIC OF",132.0,11.0,11.0,26.0,0.0
LAO PEOPLES DEM. REP.,129.0,5.375,1.0,25.0,0.0
"GHANA, REPUBLIC OF",127.0,10.583333333333334,9.0,22.0,6.0
"LIECHTENSTEIN, PRINCIPALITY OF",126.0,10.5,8.5,24.0,5.0
"Lao, People's Democratic",125.0,10.416666666666666,11.0,19.0,1.0
Rwanda,124.0,2.5833333333333335,2.0,10.0,0.0
GHANA,121.0,3.361111111111111,1.0,29.0,0.0
El Salvador,121.0,2.5208333333333335,2.0,8.0,0.0
"URUGUAY, ORIENTAL REPUBLIC OF",120.0,10.0,7.5,34.0,3.0
Monaco,119.0,2.4791666666666665,1.0,31.0,0.0
"ZAMBIA, REPUBLIC OF",119.0,9.916666666666666,6.5,45.0,2.0
LIBYA,118.0,9.833333333333334,9.5,21.0,2.0
Senegal,112.0,2.3333333333333335,2.0,8.0,0.0
NAMIBIA,111.0,2.3125,0.0,20.0,0.0
Dominican Republic,111.0,2.3125,2.0,9.0,0.0
Namibia,110.0,2.2916666666666665,2.0,11.0,0.0
"Lao, People's Democratic Republic",108.0,9.0,8.5,17.0,2.0
TRINIDAD & TOBAGO,105.0,8.75,8.0,21.0,2.0
Bosnia & Herzegovina,104.0,8.666666666666666,5.0,28.0,0.0
Grenada,104.0,2.1666666666666665,2.0,9.0,0.0
SOMALIA,103.0,2.861111111111111,0.0,15.0,0.0
Timor-Leste,103.0,2.861111111111111,2.0,11.0,0.0
Panama,103.0,2.1458333333333335,2.0,7.0,0.0
"TAJIKISTAN, REPUBLIC OF",102.0,8.5,6.5,25.0,0.0
Antigua and Barbuda,101.0,2.8055555555555554,3.0,9.0,0.0
"LIBYA, STATE OF",97.0,8.083333333333334,8.0,13.0,5.0
Kosovar,96.0,2.6666666666666665,2.0,12.0,0.0
Barbados,95.0,1.9791666666666667,1.0,13.0,0.0
"SOMALIA, FEDERAL REPUBLIC OF",92.0,7.666666666666667,7.5,14.0,3.0
HONDURAS,91.0,2.5277777777777777,0.0,16.0,0.0
Honduras,91.0,1.8958333333333333,2.0,7.0,0.0
"BRUNEI, NATION OF",91.0,7.583333333333333,6.0,17.0,3.0
MALAWI,89.0,1.8541666666666667,0.5,11.0,0.0
Paraguay,87.0,1.8125,2.0,5.0,0.0
GUATEMALA,82.0,2.2777777777777777,0.0,15.0,0.0
SAINT KITTS AND NEVIS,81.0,2.25,1.0,12.0,0.0
Bahamas,81.0,1.6875,1.0,13.0,0.0
Saint Lucia,80.0,1.6666666666666667,1.0,15.0,0.0
DOMINICA,80.0,2.2222222222222223,0.5,9.0,0.0
Guyana,79.0,1.6458333333333333,1.0,9.0,0.0
San Marino,79.0,1.6458333333333333,1.0,9.0,0.0
Cameroon,73.0,1.5208333333333333,1.0,8.0,0.0
Eritrea,71.0,1.4791666666666667,1.0,6.0,0.0
"ERITREA, STATE OF",71.0,5.916666666666667,4.5,12.0,2.0
CONGO THE DEM REPOF THE,71.0,1.9722222222222223,0.0,35.0,0.0
ZAMBIA(NORTHERN RHODESIA),70.0,5.833333333333333,4.0,15.0,0.0
Suriname,70.0,1.4583333333333333,1.0,12.0,0.0
Sierra Leone,70.0,1.4583333333333333,1.0,6.0,0.0
Kosovo,67.0,5.583333333333333,4.0,16.0,1.0
Angola,64.0,1.3333333333333333,1.0,8.0,0.0
PANAMA,61.0,1.6944444444444444,0.0,15.0,0.0
"MONACO, PRINCIPALITY OF",61.0,5.083333333333333,2.0,24.0,0.0
ANDORRA,61.0,1.6944444444444444,0.0,9.0,0.0
"GUATEMALA, REPUBLIC OF",60.0,5.0,5.0,9.0,3.0
PARAGUAY,59.0,1.2291666666666667,0.0,7.0,0.0
ERITREA,58.0,1.6111111111111112,0.5,8.0,0.0
Libya(Libyan Arab Jamahir),57.0,4.75,4.0,11.0,1.0
MOZAMBIQUE,56.0,1.5555555555555556,0.0,15.0,0.0
Syrian Arab Republic,55.0,1.1458333333333333,0.0,10.0,0.0
Belize,55.0,1.1458333333333333,1.0,4.0,0.0
Swaziland,55.0,1.1458333333333333,0.0,8.0,0.0
"PANAMA, REPUBLIC OF",54.0,4.5,4.5,10.0,0.0
KOSOVAR,53.0,1.4722222222222223,0.0,11.0,0.0
BOTSWANA,53.0,1.4722222222222223,0.0,11.0,0.0
"ANDORRA, PRINCIPALITY OF",53.0,4.416666666666667,3.5,16.0,0.0
TOGO,53.0,1.1041666666666667,0.0,35.0,0.0
BARBADOS,52.0,1.0833333333333333,0.0,8.0,0.0
SURINAME,52.0,1.0833333333333333,0.0,8.0,0.0
RWANDA,52.0,1.0833333333333333,0.0,6.0,0.0
BRUNEI DARUSSALAM,52.0,2.1666666666666665,1.5,11.0,0.0
EL SALVADOR,52.0,1.4444444444444444,0.0,6.0,0.0
"MOZAMBIQUE, REPUBLIC OF",52.0,4.333333333333333,2.0,24.0,0.0
Benin,52.0,1.0833333333333333,0.0,6.0,0.0
"CUBA, REPUBLIC OF",52.0,4.333333333333333,3.0,12.0,1.0
Mali,51.0,1.0625,1.0,10.0,0.0
Zambia(Northern Rhodesia),51.0,4.25,4.0,7.0,1.0
"DOMINICA, COMMONWEALTH OF",49.0,4.083333333333333,3.0,10.0,1.0
"HONDURAS, REPUBLIC OF",49.0,4.083333333333333,3.5,9.0,0.0
MONACO,49.0,1.3611111111111112,0.0,17.0,0.0
CUBA,49.0,1.3611111111111112,0.0,12.0,0.0
Djibouti,48.0,1.0,1.0,5.0,0.0
"TIMOR-LESTE, DEMOCRATIC REPUBLIC OF",48.0,4.0,3.0,16.0,1.0
"BOTSWANA, REPUBLIC OF",48.0,4.0,4.0,13.0,0.0
"BAHAMAS, COMMONWEALTH OF THE",48.0,4.0,2.0,24.0,0.0
SAINT KITTS & NEVIS,47.0,3.9166666666666665,3.0,10.0,0.0
"EL SALVADOR, REPUBLIC OF",47.0,3.9166666666666665,3.0,12.0,0.0
HONG KONG,46.0,0.9583333333333334,0.0,8.0,0.0
BELIZE,46.0,0.9583333333333334,0.0,6.0,0.0
Nicaragua,46.0,0.9583333333333334,1.0,6.0,0.0
CAMEROON,46.0,0.9583333333333334,1.0,5.0,0.0
Saint Kitts And Nevis,46.0,3.8333333333333335,3.0,10.0,1.0
SIERRA LEONE,44.0,0.9166666666666666,0.0,8.0,0.0
Haiti,43.0,0.8958333333333334,1.0,9.0,0.0
"SENEGAL, REPUBLIC OF",40.0,3.3333333333333335,3.0,6.0,1.0
Palau,39.0,1.0833333333333333,0.0,33.0,0.0
NICARAGUA,39.0,1.625,1.0,6.0,0.0
Central African Republic,39.0,1.0833333333333333,0.0,29.0,0.0
Togo,38.0,0.7916666666666666,0.0,4.0,0.0
GRENADA,38.0,0.7916666666666666,0.0,8.0,0.0
COTE DIVOIRE,38.0,1.0555555555555556,0.0,8.0,0.0
SENEGAL,37.0,1.0277777777777777,0.0,8.0,0.0
NORTH KOREA,37.0,1.5416666666666667,0.0,34.0,0.0
"Gambia, The",37.0,1.5416666666666667,1.0,7.0,0.0
ANTIGUA AND BARBUDA,37.0,1.0277777777777777,0.0,7.0,0.0
Guinea,35.0,0.9722222222222222,1.0,5.0,0.0
Liberia,35.0,0.7291666666666666,0.0,4.0,0.0
Mauritania,34.0,0.7083333333333334,0.0,4.0,0.0
Democratic Republic of Congo,34.0,2.8333333333333335,2.5,5.0,0.0
Congo,33.0,2.75,2.0,12.0,0.0
"CONGO, DEMOCRATIC REPUBLIC OF THE",33.0,2.75,3.0,5.0,0.0
BURKINA FASO,32.0,0.8888888888888888,0.0,4.0,0.0
Lesotho,32.0,0.6666666666666666,0.0,6.0,0.0
KOSOVO,32.0,2.6666666666666665,2.5,8.0,0.0
South Sudan,31.0,0.6458333333333334,0.0,8.0,0.0
Burkina Faso,31.0,0.6458333333333334,0.0,4.0,0.0
MAURITANIA,30.0,0.8333333333333334,0.0,18.0,0.0
Solomon Islands,29.0,0.6041666666666666,0.0,3.0,0.0
Lao Peoples,29.0,2.4166666666666665,2.5,9.0,0.0
TIMOR-LESTE,28.0,0.5833333333333334,0.0,9.0,0.0
"SAN MARINO, REPUBLIC OF",28.0,2.3333333333333335,0.5,16.0,0.0
Burundi,28.0,0.7777777777777778,0.5,3.0,0.0
Tonga,26.0,0.5416666666666666,0.0,4.0,0.0
GUYANA,26.0,0.7222222222222222,0.0,6.0,0.0
MALI,24.0,0.6666666666666666,0.0,6.0,0.0
Chad,24.0,0.5,0.0,7.0,0.0
BAHAMAS,23.0,0.6388888888888888,0.0,4.0,0.0
SAN MARINO,23.0,0.6388888888888888,0.0,4.0,0.0
ZAMBIA (NORTHERNRHODESIA),23.0,1.9166666666666667,0.0,16.0,0.0
BURUNDI,23.0,0.4791666666666667,0.0,11.0,0.0
LIBERIA,22.0,0.4583333333333333,0.0,4.0,0.0
Cote Divoire,22.0,0.6111111111111112,0.0,5.0,0.0
ANGOLA,22.0,0.6111111111111112,0.0,5.0,0.0
Trinidad And Tobago,22.0,1.8333333333333333,1.0,8.0,0.0
"GUYANA, COOPERATIVE REPUBLIC OF",22.0,1.8333333333333333,1.5,9.0,0.0
LESOTHO,22.0,0.4583333333333333,0.0,4.0,0.0
BENIN,21.0,0.4375,0.0,4.0,0.0
"Congo, The Democratic Republic",21.0,1.75,2.0,3.0,0.0
Republic of Congo,21.0,1.75,1.0,6.0,0.0
Cape Verde,21.0,0.4375,0.0,3.0,0.0
SWAZILAND,20.0,0.4166666666666667,0.0,9.0,0.0
ANTIGUA & BARBUDA,20.0,1.6666666666666667,1.0,5.0,0.0
"COTE D'IVOIRE, REPUBLIC OF",20.0,1.6666666666666667,1.5,3.0,1.0
SAINT LUCIA,20.0,0.4166666666666667,0.0,4.0,0.0
LAO PEOPLES DEM.REP.,19.0,1.5833333333333333,0.0,8.0,0.0
BOSNIA,19.0,1.5833333333333333,0.0,9.0,0.0
VANUATU,18.0,0.5,0.0,5.0,0.0
TONGA,18.0,0.375,0.0,2.0,0.0
"GAMBIA, THE",17.0,0.3541666666666667,0.0,2.0,0.0
"MALI, REPUBLIC OF",17.0,1.4166666666666667,1.0,4.0,0.0
"SOUTH SUDAN, REPUBLIC OF",17.0,1.4166666666666667,0.5,7.0,0.0
"VANUATU, REPUBLIC OF",17.0,1.4166666666666667,1.0,4.0,0.0
Antigua & Barbuda,16.0,1.3333333333333333,1.0,3.0,0.0
SOUTH SUDAN,16.0,0.4444444444444444,0.0,6.0,0.0
The Gambia,16.0,1.3333333333333333,1.0,4.0,0.0
Cote d'lvoire,15.0,1.25,1.0,3.0,0.0
Niger,15.0,0.3125,0.0,3.0,0.0
CAPE VERDE,14.0,0.2916666666666667,0.0,2.0,0.0
"Congo, Republic Of.",14.0,1.1666666666666667,1.0,3.0,0.0
LIBYA(LIBYAN ARAB JAMAHIR,14.0,1.1666666666666667,0.0,7.0,0.0
NIGER,14.0,0.2916666666666667,0.0,3.0,0.0
REPUBLIC OF ZIMBABWE,14.0,0.5833333333333334,0.0,7.0,0.0
GUINEA,13.0,0.3611111111111111,0.0,4.0,0.0
SOLOMAN ISLANDS,13.0,1.0833333333333333,0.5,5.0,0.0
Saint Vincent The Grenadi,13.0,0.5416666666666666,0.0,7.0,0.0
Marshall Islands,12.0,0.25,0.0,5.0,0.0
DJIBOUTI,12.0,0.3333333333333333,0.0,4.0,0.0
GABON,12.0,0.25,0.0,2.0,0.0
HAITI,12.0,0.3333333333333333,0.0,3.0,0.0
Equatorial Guinea,12.0,0.3333333333333333,0.0,6.0,0.0
Samoa,12.0,0.3333333333333333,0.0,3.0,0.0
SAINT VINCENT THE GRENADI,12.0,0.3333333333333333,0.0,3.0,0.0
SAMOA,12.0,0.25,0.0,4.0,0.0
GUINEA- BISSAU,11.0,0.9166666666666666,0.5,4.0,0.0
CHAD,11.0,0.22916666666666666,0.0,4.0,0.0
Nauru,11.0,0.3055555555555556,0.0,5.0,0.0
Republic Of Zimbabwe,10.0,0.8333333333333334,0.0,6.0,0.0
Gabon,10.0,0.20833333333333334,0.0,2.0,0.0
"HAITI, REPUBLIC OF",10.0,0.8333333333333334,1.0,2.0,0.0
Saint Vincent and the Grenadi,10.0,0.8333333333333334,0.0,7.0,0.0
"ANGOLA, REPUBLIC OF",9.0,0.75,1.0,2.0,0.0
TUVALU,9.0,0.25,0.0,3.0,0.0
"DJIBOUTI, REPUBLIC OF",9.0,0.75,0.5,4.0,0.0
Guinea-Bissau,9.0,0.25,0.0,3.0,0.0
KIRIBATI,8.0,0.3333333333333333,0.0,2.0,0.0
LIBYA(LIBYAN ARAB JAMAHIR),8.0,0.6666666666666666,0.0,5.0,0.0
"CONGO, REPUBLIC OF THE",7.0,0.5833333333333334,0.0,2.0,0.0
PALAU,5.0,0.4166666666666667,0.0,5.0,0.0
Kiribati,5.0,0.1388888888888889,0.0,2.0,0.0
GUINEA-BISSAU,5.0,0.1388888888888889,0.0,2.0,0.0
SOLOMON ISLANDS,5.0,0.4166666666666667,0.0,3.0,0.0
Tuvalu,5.0,0.20833333333333334,0.0,2.0,0.0
Micronesia,4.0,0.16666666666666666,0.0,1.0,0.0
"MARSHALL ISLANDS, REPUBLIC OF THE",4.0,0.3333333333333333,0.0,1.0,0.0
"MICRONESIA, FEDERATED STATES OF",3.0,0.25,0.0,1.0,0.0
"CONGO, REPUBLIC OF.",3.0,0.25,0.0,1.0,0.0
SAINT VINCENT & THE GRENADINES,3.0,0.25,0.0,2.0,0.0
DOMINICAN,3.0,0.25,0.0,3.0,0.0
"MAURITANIA, ISLAMIC REPUBLIC OF",3.0,0.25,0.0,1.0,0.0
MICRONESIA,3.0,0.125,0.0,1.0,0.0
North Korea,2.0,0.16666666666666666,0.0,2.0,0.0
Guam,2.0,0.16666666666666666,0.0,2.0,0.0
Netherlands Antilles,2.0,0.16666666666666666,0.0,1.0,0.0
Aruba,2.0,0.08333333333333333,0.0,1.0,0.0
NAURU,2.0,0.041666666666666664,0.0,1.0,0.0
CENTRAL AFRICAN REPUBLIC,2.0,0.08333333333333333,0.0,1.0,0.0
MARSHALL ISLANDS,2.0,0.16666666666666666,0.0,1.0,0.0
BURKINA,2.0,0.16666666666666666,0.0,2.0,0.0
ISLE OF MAN,1.0,0.08333333333333333,0.0,1.0,0.0
ZAMBIA (NORTHERN RHODESIA),1.0,0.08333333333333333,0.0,1.0,0.0
Vatican City,1.0,0.08333333333333333,0.0,1.0,0.0
Hong Kong,1.0,0.08333333333333333,0.0,1.0,0.0
SAO TOME AND PRINCIPE,1.0,0.08333333333333333,0.0,1.0,0.0
NETHERLAND ANTILLES,1.0,0.08333333333333333,0.0,1.0,0.0
Gambia,1.0,0.08333333333333333,0.0,1.0,0.0
"NIGER,REPUBLIC OF",1.0,0.08333333333333333,0.0,1.0,0.0
Antarctica,1.0,0.08333333333333333,0.0,1.0,0.0
EUROPEAN UNION,1.0,0.08333333333333333,0.0,1.0,0.0
Saint Barthelemy,1.0,0.08333333333333333,0.0,1.0,0.0
Sao Tome and Principe,1.0,0.08333333333333333,0.0,1.0,0.0
REPUBLIC,1.0,0.08333333333333333,0.0,1.0,0.0
G,0.0,0.0,0.0,0.0,0.0
P,0.0,0.0,0.0,0.0,0.0
Country,0.0,0.0,0.0,0.0,0.0
O,0.0,0.0,0.0,0.0,0.0
"VATICAN CITY, STATE OF",0.0,0.0,0.0,0.0,0.0
H,0.0,0.0,0.0,0.0,0.0
N,0.0,0.0,0.0,0.0,0.0
V,0.0,0.0,0.0,0.0,0.0
D,0.0,0.0,0.0,0.0,0.0
R,0.0,0.0,0.0,0.0,0.0
Q,0.0,0.0,0.0,0.0,0.0
M,0.0,0.0,0.0,0.0,0.0
SEYCHELLS,0.0,0.0,0.0,0.0,0.0
BRUNEI,0.0,0.0,0.0,0.0,0.0
S,0.0,0.0,0.0,0.0,0.0
C,0.0,0.0,0.0,0.0,0.0
F,0.0,0.0,0.0,0.0,0.0
EQUATORIAL GUINEA,0.0,0.0,0.0,0.0,0.0
EQUATORIAL,0.0,0.0,0.0,0.0,0.0
B,0.0,0.0,0.0,0.0,0.0
T,0.0,0.0,0.0,0.0,0.0
CENTRAL AFRICAN,0.0,0.0,0.0,0.0,0.0
L,0.0,0.0,0.0,0.0,0.0
I,0.0,0.0,0.0,0.0,0.0
K,0.0,0.0,0.0,0.0,0.0
J,0.0,0.0,0.0,0.0,0.0
U,0.0,0.0,0.0,0.0,0.0
E,0.0,0.0,0.0,0.0,0.0
Y,0.0,0.0,0.0,0.0,0.0
Z,0.0,0.0,0.0,0.0,0.0
A,0.0,0.0,0.0,0.0,0.0
