Country,Tourist_Arrivals
A,0.0
AFGHANISTAN,634.0
"AFGHANISTAN, ISLAMIC REPUBLIC OF",861.0
ALBANIA,469.0
"ALBANIA, REPUBLIC OF",177.0
ALGERIA,385.0
"ALGERIA, PEOPLE'S DEMOCRATIC REPUBLIC OF",368.0
ANDORRA,61.0
"ANDORRA, PRINCIPALITY OF",53.0
ANGOLA,22.0
"ANGOLA, REPUBLIC OF",9.0
ANTIGUA & BARBUDA,20.0
ANTIGUA AND BARBUDA,37.0
ARGENTINA,3678.0
ARMENIA,1365.0
"ARMENIA, REPUBLIC OF",1210.0
AUSTRALIA,228306.0
AUSTRIA,39835.0
AZERBAIJAN,724.0
"AZERBAIJAN, REPUBLIC OF",512.0
Afghanistan,497.0
Albania,463.0
Algeria,1461.0
Andorra,335.0
Angola,64.0
Antarctica,1.0
Antigua & Barbuda,16.0
Antigua and Barbuda,101.0
Argentina,2872.0
Armenia,8367.0
Aruba,2.0
Australia,297420.0
Austria,51426.0
Azerbaijan,5868.0
B,0.0
BAHAMAS,23.0
"BAHAMAS, COMMONWEALTH OF THE",48.0
BAHRAIN,2962.0
"BAHRAIN, KINGDOM OF",2858.0
BANGLADESH,11743.0
"BANGLADESH, PEOPLE'S REPUBLIC OF",10487.0
BARBADOS,52.0
BELARUS,8080.0
"BELARUS, REPUBLIC OF",4621.0
BELGIUM,37121.0
BELIZE,46.0
BENIN,21.0
BHUTAN,556.0
"BHUTAN, KINGDOM OF",679.0
BOLIVIA,147.0
BOSNIA,19.0
BOSNIA & HERZEGOVINA,261.0
BOSNIA AND HERZEGOVINA,284.0
BOTSWANA,53.0
"BOTSWANA, REPUBLIC OF",48.0
BRAZIL,3998.0
"BRAZIL, FEDERATIVE REPUBLIC OF",2774.0
BRUNEI,0.0
BRUNEI DARUSSALAM,52.0
"BRUNEI, NATION OF",91.0
BULGARIA,6236.0
BURKINA,2.0
BURKINA FASO,32.0
BURUNDI,23.0
Bahamas,81.0
Bahrain,4221.0
Bangladesh,120781.0
Barbados,95.0
Belarus,36054.0
Belgium,55106.0
Belize,55.0
Benin,52.0
Bhutan,1899.0
Bolivia,164.0
Bosnia & Herzegovina,104.0
Bosnia and Herzegovina,831.0
Botswana,174.0
Brazil,6057.0
Brunei Darussalam,193.0
Bulgaria,11564.0
Burkina Faso,31.0
Burundi,28.0
C,0.0
CAMBODIA,3227.0
"CAMBODIA, KINGDOM OF",771.0
CAMEROON,46.0
CANADA,118925.0
CAPE VERDE,14.0
CENTRAL AFRICAN,0.0
CENTRAL AFRICAN REPUBLIC,2.0
CHAD,11.0
CHILE,1232.0
"CHILE, REPUBLIC OF",1002.0
CHINA,196427.0
"CHINA, PEOPLE'S REPUBLIC OF",265965.0
COLOMBIA,990.0
"COLOMBIA, REPUBLIC OF",702.0
COMOROS,337.0
CONGO THE DEM REPOF THE,71.0
"CONGO, DEMOCRATIC REPUBLIC OF THE",33.0
"CONGO, REPUBLIC OF THE",7.0
"CONGO, REPUBLIC OF.",3.0
COSTA RICA,185.0
"COSTA RICA, REPUBLIC OF",132.0
"COTE D'IVOIRE, REPUBLIC OF",20.0
COTE DIVOIRE,38.0
CROATIA,4867.0
CUBA,49.0
"CUBA, REPUBLIC OF",52.0
CYPRUS,953.0
"CYPRUS, REPUBLIC OF",672.0
CZECH REPUBLIC,46267.0
Cambodia,3040.0
Cameroon,73.0
Canada,159134.0
Cape Verde,21.0
Central African Republic,39.0
Chad,24.0
Chile,1817.0
China,337220.0
Colombia,2248.0
Comoros,274.0
Congo,33.0
"Congo, Republic Of.",14.0
"Congo, The Democratic Republic",21.0
Costa Rica,311.0
Cote Divoire,22.0
Cote d'lvoire,15.0
Country,0.0
Croatia,5253.0
Cuba,171.0
Cyprus,3802.0
Czech Republic,57767.0
D,0.0
DENMARK,23076.0
"DENMARK, KINGDOM OF",19223.0
DJIBOUTI,12.0
"DJIBOUTI, REPUBLIC OF",9.0
DOMINICA,80.0
"DOMINICA, COMMONWEALTH OF",49.0
DOMINICAN,3.0
DOMINICAN REPUBLIC,158.0
Democratic Republic of Congo,34.0
Denmark,49954.0
Djibouti,48.0
Dominica,412.0
Dominican Republic,111.0
E,0.0
ECUADOR,152.0
"ECUADOR, REPUBLIC OF",136.0
EGYPT,5064.0
"EGYPT, ARAB REPUBLIC OF",3854.0
EL SALVADOR,52.0
"EL SALVADOR, REPUBLIC OF",47.0
EQUATORIAL,0.0
EQUATORIAL GUINEA,0.0
ERITREA,58.0
"ERITREA, STATE OF",71.0
ESTONIA,6821.0
ETHIOPIA,194.0
"ETHIOPIA, FEDERAL DEMOCRATIC REPUBLIC OF",207.0
EUROPEAN UNION,1.0
Ecuador,422.0
Egypt,13862.0
El Salvador,121.0
Equatorial Guinea,12.0
Eritrea,71.0
Estonia,10895.0
Ethiopia,530.0
F,0.0
FIJI,242.0
"FIJI, REPUBLIC OF",159.0
FINLAND,18555.0
FRANCE,119010.0
FRANCE (FRENCH REPUBLIC),106449.0
Fiji,613.0
Finland,13350.0
France,289549.0
G,0.0
GABON,12.0
"GAMBIA, THE",17.0
GEORGIA,1611.0
GERMANY,338736.0
GHANA,121.0
"GHANA, REPUBLIC OF",127.0
GREECE,16580.0
GRENADA,38.0
GUATEMALA,82.0
"GUATEMALA, REPUBLIC OF",60.0
GUINEA,14.0
GUINEA- BISSAU,11.0
GUINEA-BISSAU,5.0
GUYANA,26.0
"GUYANA, COOPERATIVE REPUBLIC OF",22.0
Gabon,10.0
Gambia,1.0
"Gambia, The",37.0
Georgia,3516.0
Germany,442131.0
Ghana,241.0
Greece,10238.0
Grenada,104.0
Guam,2.0
Guatemala,208.0
Guinea,35.0
Guinea-Bissau,9.0
Guyana,79.0
H,0.0
HAITI,12.0
"HAITI, REPUBLIC OF",10.0
HONDURAS,91.0
"HONDURAS, REPUBLIC OF",49.0
HONG KONG,46.0
HUNGARY,10638.0
Haiti,43.0
Honduras,91.0
Hong Kong,1.0
Hungary,19098.0
I,0.0
ICELAND,1028.0
INDIA,500627.0
"INDIA, REPUBLIC OF",424887.0
INDONESIA,7889.0
"INDONESIA, REPUBLIC OF",5365.0
IRAN,4294.0
"IRAN, ISLAMIC REPUBLIC OF",5720.0
IRAQ,1252.0
"IRAQ, REPUBLIC OF",1021.0
IRELAND,21937.0
ISLE OF MAN,1.0
ISRAEL,20050.0
"ISRAEL, STATE OF",13833.0
ITALY,84438.0
Iceland,1055.0
India,1374333.0
Indonesia,12037.0
Iran,35267.0
Iraq,4696.0
Ireland,27596.0
Israel,78279.0
Italy,118830.0
J,0.0
JAMAICA,193.0
JAPAN,86565.0
JORDAN,4394.0
"JORDAN, THE HASHEMITE KINGDOM OF",3156.0
Jamaica,218.0
Japan,91252.0
Jordan,11972.0
K,0.0
KAZAKHSTAN,10486.0
"KAZAKHSTAN, REPUBLIC OF",2721.0
KENYA,1708.0
"KENYA, REPUBLIC OF",874.0
KIRIBATI,8.0
KOSOVAR,53.0
KOSOVO,32.0
KUWAIT,4230.0
"KUWAIT, STATE OF",3465.0
KYRGYZSTAN,1166.0
Kazakhstan,33862.0
Kenya,2851.0
Kiribati,5.0
Kosovar,96.0
Kosovo,67.0
Kuwait,6691.0
Kyrgyzstan,3283.0
L,0.0
LAO PEOPLES DEM. REP.,129.0
LAO PEOPLES DEM.REP.,19.0
"LAO, PEOPLE'S DEMOCRATIC REPUBLIC",158.0
LATVIA,4728.0
LEBANON,10855.0
LESOTHO,22.0
LIBERIA,22.0
LIBYA,118.0
LIBYA(LIBYAN ARAB JAMAHIR,14.0
LIBYA(LIBYAN ARAB JAMAHIR),8.0
"LIBYA, STATE OF",97.0
LIECHTENSTEIN,147.0
"LIECHTENSTEIN, PRINCIPALITY OF",126.0
LITHUANIA,7616.0
LUXEMBOURG,1846.0
Lao People's Democratic Republic,227.0
Lao Peoples,29.0
"Lao, People's Democratic",125.0
"Lao, People's Democratic Republic",108.0
Latvia,10071.0
Lebanon,11928.0
Lesotho,32.0
Liberia,35.0
Libya,155.0
Libya(Libyan Arab Jamahir),57.0
Liechtenstein,315.0
Lithuania,17738.0
Luxembourg,2390.0
M,0.0
MACEDONIA,235.0
"MACEDONIA, REPUBLIC OF",310.0
MADAGASCAR,337.0
MALAWI,89.0
MALAYSIA,43486.0
MALDIVES,75957.0
"MALDIVES, REPUBLIC OF",76108.0
MALI,24.0
"MALI, REPUBLIC OF",17.0
MALTA,1388.0
MARSHALL ISLANDS,2.0
"MARSHALL ISLANDS, REPUBLIC OF THE",4.0
MAURITANIA,30.0
"MAURITANIA, ISLAMIC REPUBLIC OF",3.0
MAURITIUS,932.0
"MAURITIUS, REPUBLIC OF",720.0
MEXICO,4050.0
MICRONESIA,3.0
"MICRONESIA, FEDERATED STATES OF",3.0
MOLDOVA,760.0
"MOLDOVA, REPUBLIC OF",452.0
MONACO,49.0
"MONACO, PRINCIPALITY OF",61.0
MONGOLIA,387.0
MONTENEGRO,529.0
MOROCCO,1427.0
"MOROCCO, KINGDOM OF",1036.0
MOZAMBIQUE,56.0
"MOZAMBIQUE, REPUBLIC OF",52.0
MYANMAR,3695.0
"MYANMAR, REPUBLIC OF THE UNION OF",3241.0
Macedonia,738.0
Madagascar,525.0
Malawi,154.0
Malaysia,55662.0
Maldives,140595.0
Mali,51.0
Malta,3074.0
Marshall Islands,12.0
Mauritania,34.0
Mauritius,2327.0
Mexico,3377.0
Micronesia,4.0
Moldova,2032.0
Monaco,119.0
Mongolia,542.0
Montenegro,494.0
Morocco,3415.0
Mozambique,135.0
Myanmar,5460.0
N,0.0
NAMIBIA,111.0
NAURU,2.0
NEPAL,7123.0
"NEPAL, FEDERAL DEMOCRATIC REPUBLIC OF",5302.0
NETHERLAND ANTILLES,1.0
NETHERLANDS,107231.0
NEW ZEALAND,28937.0
NICARAGUA,39.0
NIGER,14.0
"NIGER,REPUBLIC OF",1.0
NIGERIA,208.0
"NIGERIA, FEDERAL REPUBLIC OF",412.0
NORTH KOREA,37.0
NORWAY,17606.0
"NORWAY, KINGDOM OF",17217.0
Namibia,110.0
Nauru,11.0
Nepal,15994.0
Netherlands,155323.0
Netherlands Antilles,2.0
New Zealand,35517.0
Nicaragua,46.0
Niger,15.0
Nigeria,376.0
North Korea,2.0
Norway,39161.0
O,0.0
OMAN,5408.0
"OMAN, SULTANATE OF",6846.0
Oman,8314.0
P,0.0
PAKISTAN,25240.0
"PAKISTAN, ISLAMIC REPUBLIC OF",19116.0
PALAU,5.0
PALESTINIAN TERRITORIES,2145.0
PANAMA,61.0
"PANAMA, REPUBLIC OF",54.0
PAPUA NEW GUINEA,190.0
PARAGUAY,59.0
PERU,413.0
"PERU, REPUBLIC OF",301.0
PHILIPPINES,19368.0
"PHILIPPINES, REPUBLIC OF",19303.0
POLAND,55292.0
PORTUGAL,13100.0
Pakistan,52751.0
Palau,39.0
Palestinian Territories,2188.0
Panama,103.0
Papua New Guinea,283.0
Paraguay,87.0
Peru,775.0
Philippines,18173.0
Poland,127295.0
Portugal,20323.0
Q,0.0
QATAR,1226.0
"QATAR, STATE OF",1676.0
Qatar,2744.0
R,0.0
REPUBLIC,2.0
REPUBLIC OF ZIMBABWE,14.0
ROMANIA,13938.0
RUSSIAN FEDERATION,217337.0
RWANDA,52.0
Republic Of Zimbabwe,10.0
Republic of Congo,21.0
Romania,20215.0
Russian Federation,677270.0
Rwanda,124.0
S,0.0
SAINT KITTS & NEVIS,47.0
SAINT KITTS AND NEVIS,81.0
SAINT LUCIA,20.0
SAINT VINCENT & THE GRENADINES,3.0
SAINT VINCENT THE GRENADI,15.0
SAMOA,12.0
SAN MARINO,23.0
"SAN MARINO, REPUBLIC OF",28.0
SAO TOME AND PRINCIPE,1.0
SAUDI ARABIA,22058.0
"SAUDI ARABIA, KINGDOM OF",34703.0
SENEGAL,37.0
"SENEGAL, REPUBLIC OF",40.0
SERBIA,659.0
"SERBIA, REPUBLIC OF",1804.0
SERBIA.,1498.0
SEYCHELLES,641.0
SEYCHELLS,0.0
SIERRA LEONE,44.0
SINGAPORE,16973.0
"SINGAPORE, REPUBLIC OF",19861.0
SLOVAK REPUBLIC,5289.0
SLOVAKIA(SLOVAK REPUBLIC),7121.0
SLOVENIA,7719.0
SOLOMAN ISLANDS,13.0
SOLOMON ISLANDS,5.0
SOMALIA,103.0
"SOMALIA, FEDERAL REPUBLIC OF",92.0
"SOUTH AFRICA, REPUBLIC OF",7416.0
SOUTH AFRICA- ZUID AFRIKA,1364.0
SOUTH AFRICA-ZUID AFRIKA,7404.0
SOUTH KOREA,30831.0
SOUTH SUDAN,16.0
"SOUTH SUDAN, REPUBLIC OF",17.0
SPAIN,59097.0
SUDAN,1682.0
SURINAME,52.0
SWAZILAND,20.0
SWEDEN,59393.0
SWITZERLAND,73309.0
SYRIAN ARAB REPUBLIC,423.0
Saint Barthelemy,1.0
Saint Kitts And Nevis,46.0
Saint Kitts and Nevis,429.0
Saint Lucia,80.0
Saint Vincent The Grenadi,13.0
Saint Vincent and the Grenadi,10.0
Samoa,12.0
San Marino,79.0
Sao Tome and Principe,1.0
Saudi Arabia,24756.0
Senegal,112.0
Serbia,6350.0
Seychelles,7864.0
Sierra Leone,70.0
Singapore,40998.0
Slovakia,16464.0
Slovakia(Slovak Republic),4464.0
Slovenia,9704.0
Solomon Islands,29.0
Somalia,251.0
South Africa,10542.0
South Africa-Zuid Afrika,4946.0
South Korea,32110.0
South Sudan,31.0
Spain,120766.0
Sudan,3896.0
Suriname,70.0
Swaziland,55.0
Sweden,42016.0
Switzerland,100269.0
Syrian Arab Republic,55.0
T,0.0
TAIWAN (REPUBLIC OF CHINA),8187.0
TAIWAN PROVINCE OF CHINA,9154.0
TAJIKISTAN,136.0
"TAJIKISTAN, REPUBLIC OF",102.0
TANZANIA,924.0
"TANZANIA, UNITED REPUBLIC OF",227.0
THAILAND,11988.0
"THAILAND, KINGDOM OF",9178.0
TIMOR-LESTE,28.0
"TIMOR-LESTE, DEMOCRATIC REPUBLIC OF",48.0
TOGO,53.0
TONGA,18.0
TRINIDAD & TOBAGO,105.0
TRINIDAD AND TOBAGO,154.0
TUNISIA,1108.0
"TUNISIA, REPUBLIC OF",712.0
TURKEY,7402.0
"TURKEY, REPUBLIC OF",4262.0
TURKMENISTAN,198.0
TUVALU,9.0
Taiwan,363.0
Taiwan Province of China,4999.0
Tajikistan,719.0
Tanzania,963.0
Thailand,22488.0
The Gambia,16.0
Timor-Leste,103.0
Togo,38.0
Tonga,26.0
Trinidad And Tobago,22.0
Trinidad and Tobago,270.0
Tunisia,2913.0
Turkey,20038.0
Turkmenistan,412.0
Tuvalu,5.0
U,0.0
UGANDA,539.0
UKRAINE,95772.0
UNITED ARAB EMIRATES,9919.0
UNITED KINGDOM,525053.0
UNITED STATES,91798.0
UNITED STATES OF AMERICA,75308.0
URUGUAY,171.0
"URUGUAY, ORIENTAL REPUBLIC OF",120.0
UZBEKISTAN,861.0
"UZBEKISTAN, REPUBLIC OF",596.0
Uganda,607.0
Ukraine,35856.0
United Arab Emirates,14244.0
United Kingdom,605891.0
United States,194079.0
Uruguay,442.0
Uzbekistan,4624.0
V,0.0
VANUATU,18.0
"VANUATU, REPUBLIC OF",17.0
"VATICAN CITY, STATE OF",0.0
VENEZUELA,217.0
"VENEZUELA, BOLIVARIAN REPUBLIC OF",227.0
VIET NAM,3352.0
VIETNAM,3241.0
Vanuatu,177.0
Vatican City,1.0
Venezuela,417.0
Viet Nam,5270.0
Vietnam,4248.0
Y,0.0
YEMEN (YEMEN ARAB REP.),1343.0
"YEMEN, REPUBLIC OF",1367.0
Yemen,1152.0
Yemen (Yemen Arab Republic),445.0
Z,0.0
ZAMBIA (NORTHERN RHODESIA),1.0
ZAMBIA (NORTHERNRHODESIA),23.0
ZAMBIA(NORTHERN RHODESIA),70.0
"ZAMBIA, REPUBLIC OF",119.0
ZIMBABWE,253.0
"ZIMBABWE, REPUBLIC OF",247.0
Zambia,160.0
Zambia(Northern Rhodesia),51.0
Zimbabwe,604.0
