Year,Month_Number,Month,Tourist_Arrivals
2018,1,January,238924.0
2018,2,February,235618.0
2018,3,March,233382.0
2018,4,April,180429.0
2018,5,May,129466.0
2018,6,June,146828.0
2018,7,July,217829.0
2018,8,August,200359.0
2018,9,September,149087.0
2018,10,October,153123.0
2018,11,November,195582.0
2018,12,December,253169.0
2019,1,January,244239.0
2019,2,February,252033.0
2019,3,March,244328.0
2019,4,April,166975.0
2019,5,May,37802.0
2019,6,June,63072.0
2019,7,July,115701.0
2019,8,August,143587.0
2019,9,September,108575.0
2019,10,October,118743.0
2019,11,November,176984.0
2019,12,December,241663.0
2020,1,January,228434.0
2020,2,February,207507.0
2020,3,March,71370.0
2020,4,April,0.0
2020,5,May,0.0
2020,6,June,0.0
2020,7,July,0.0
2020,8,August,0.0
2020,9,September,0.0
2020,10,October,0.0
2020,11,November,0.0
2020,12,December,393.0
2021,1,January,1682.0
2021,2,February,3366.0
2021,3,March,4581.0
2021,4,April,4168.0
2021,5,May,1497.0
2021,6,June,1614.0
2021,7,July,2429.0
2021,8,August,5040.0
2021,9,September,13547.0
2021,10,October,22771.0
2021,11,November,44294.0
2021,12,December,89506.0
2022,1,January,82327.0
2022,2,February,96507.0
2022,3,March,106500.0
2022,4,April,62980.0
2022,5,May,30207.0
2022,6,June,32856.0
2022,7,July,47293.0
2022,8,August,37760.0
2022,9,September,29802.0
2022,10,October,42026.0
2022,11,November,59759.0
2022,12,December,91961.0
2023,1,January,102545.0
2023,2,February,107639.0
2023,3,March,125495.0
2023,4,April,105498.0
2023,5,May,83309.0
2023,6,June,100388.0
2023,7,July,143039.0
2023,8,August,136405.0
2023,9,September,111938.0
2023,10,October,109199.0
2023,11,November,151496.0
2023,12,December,210352.0
2024,1,January,208253.0
2024,2,February,218350.0
2024,3,March,209181.0
2024,4,April,148867.0
2024,5,May,112128.0
2024,6,June,113470.0
2024,7,July,187810.0
2024,8,August,164609.0
2024,9,September,122140.0
2024,10,October,135907.0
2024,11,November,184158.0
2024,12,December,248592.0
2025,1,January,252761.0
2025,2,February,240217.0
2025,3,March,229298.0
2025,4,April,174608.0
2025,5,May,132919.0
2025,6,June,138241.0
2025,7,July,200244.0
2025,8,August,198235.0
2025,9,September,158971.0
2025,10,October,165193.0
2025,11,November,212906.0
2025,12,December,258928.0
