Country,Country_Code
Afghanistan,AFG
Albania,ALB
Algeria,ALG
Andorra,AND
"Andorra, Principality Of",AND
Angola,ANG
"Angola, Republic Of",ANG
Antarctica,ANT
Antigua & Barbuda,ANT
Antigua And Barbuda,ANT
Argentina,ARG
Armenia,ARM
"Armenia, Republic Of",ARM
Aruba,ARU
Australia,AUS
Austria,AUS
Azerbaijan,AZE
"Azerbaijan, Republic Of",AZE
B,B
Bahamas,BAH
"Bahamas, Commonwealth Of The",BAH
Bahrain,BAH
"Bahrain, Kingdom Of",BAH
Bangladesh,BAN
"Bangladesh, People'S Republic Of",BAN
Barbados,BAR
Belarus,BEL
"Belarus, Republic Of",BEL
Belgium,BEL
Belize,BEL
Benin,BEN
Bhutan,BHU
"Bhutan, Kingdom Of",BHU
Bolivia,BOL
Bosnia,BOS
Bosnia & Herzegovina,BOS
Bosnia And Herzegovina,BOS
Botswana,BOT
"Botswana, Republic Of",BOT
Brazil,BRA
"Brazil, Federative Republic Of",BRA
Brunei,BRU
"Brunei, Nation Of",BRU
Bulgaria,BUL
Burkina,BUR
Burkina Faso,BUR
Burundi,BUR
C,C
Cambodia,CAM
"Cambodia, Kingdom Of",CAM
Cameroon,CAM
Canada,CAN
Cape Verde,CAP
Central African,CEN
Central African Republic,CEN
Chad,CHA
Chile,CHI
"Chile, Republic Of",CHI
China,CHI
"China, People'S Republic Of",CHI
Colombia,COL
"Colombia, Republic Of",COL
Comoros,COM
Congo,CON
Congo The Dem Repof The,CON
"Congo, Republic Of The",CON
"Congo, Republic Of.",CON
"Congo, The Democratic Republic",CON
Costa Rica,COS
"Costa Rica, Republic Of",COS
"Cote D'Ivoire, Republic Of",COT
Cote D'Lvoire,COT
Cote Divoire,COT
Country,COU
Croatia,CRO
Cuba,CUB
"Cuba, Republic Of",CUB
Cyprus,CYP
"Cyprus, Republic Of",CYP
Czechia,CZE
D,D
Democratic Republic Of Congo,DEM
Democratic Republic of the Congo,DEM
Denmark,DEN
"Denmark, Kingdom Of",DEN
Djibouti,DJI
"Djibouti, Republic Of",DJI
Dominica,DOM
"Dominica, Commonwealth Of",DOM
Dominican,DOM
Dominican Republic,DOM
E,E
Ecuador,ECU
"Ecuador, Republic Of",ECU
Egypt,EGY
"Egypt, Arab Republic Of",EGY
El Salvador,ELS
"El Salvador, Republic Of",ELS
Equatorial,EQU
Equatorial Guinea,EQU
Eritrea,ERI
"Eritrea, State Of",ERI
Estonia,EST
Ethiopia,ETH
"Ethiopia, Federal Democratic Republic Of",ETH
European Union,EUR
F,F
Fiji,FIJ
"Fiji, Republic Of",FIJ
Finland,FIN
France,FRA
France (French Republic),FRA
G,G
Gabon,GAB
Gambia,GAM
"Gambia, The",GAM
Georgia,GEO
Germany,GER
Ghana,GHA
"Ghana, Republic Of",GHA
Greece,GRE
Grenada,GRE
Guam,GUA
Guatemala,GUA
"Guatemala, Republic Of",GUA
Guinea,GUI
Guinea- Bissau,GUI
Guinea-Bissau,GUI
Guyana,GUY
"Guyana, Cooperative Republic Of",GUY
H,H
Haiti,HAI
"Haiti, Republic Of",HAI
Honduras,HON
"Honduras, Republic Of",HON
Hong Kong,HON
Hungary,HUN
I,I
Iceland,ICE
India,IND
"India, Republic Of",IND
Indonesia,IND
"Indonesia, Republic Of",IND
Iran,IRA
"Iran, Islamic Republic Of",IRA
Iraq,IRA
"Iraq, Republic Of",IRA
Ireland,IRE
Isle Of Man,ISL
Israel,ISR
"Israel, State Of",ISR
Italy,ITA
J,J
Jamaica,JAM
Japan,JAP
Jordan,JOR
"Jordan, The Hashemite Kingdom Of",JOR
K,K
Kazakhstan,KAZ
"Kazakhstan, Republic Of",KAZ
Kenya,KEN
"Kenya, Republic Of",KEN
Kiribati,KIR
Kosovar,KOS
Kosovo,KOS
Kuwait,KUW
"Kuwait, State Of",KUW
Kyrgyzstan,KYR
L,L
Lao Peoples,LAO
Lao Peoples Dem. Rep.,LAO
Lao Peoples Dem.Rep.,LAO
"Lao, People'S Democratic",LAO
"Lao, People'S Democratic Republic",LAO
Laos,LAO
Latvia,LAT
Lebanon,LEB
Lesotho,LES
Liberia,LIB
Libya,LIB
Libya(Libyan Arab Jamahir,LIB
Libya(Libyan Arab Jamahir),LIB
"Libya, State Of",LIB
Liechtenstein,LIE
"Liechtenstein, Principality Of",LIE
Lithuania,LIT
Luxembourg,LUX
M,M
Macedonia,MAC
"Macedonia, Republic Of",MAC
Madagascar,MAD
Malawi,MAL
Malaysia,MAL
Maldives,MAL
"Maldives, Republic Of",MAL
Mali,MAL
"Mali, Republic Of",MAL
Malta,MAL
Marshall Islands,MAR
"Marshall Islands, Republic Of The",MAR
Mauritania,MAU
"Mauritania, Islamic Republic Of",MAU
Mauritius,MAU
"Mauritius, Republic Of",MAU
Mexico,MEX
Micronesia,MIC
Moldova,MOL
Monaco,MON
"Monaco, Principality Of",MON
Mongolia,MON
Montenegro,MON
Morocco,MOR
"Morocco, Kingdom Of",MOR
Mozambique,MOZ
"Mozambique, Republic Of",MOZ
Myanmar,MYA
"Myanmar, Republic Of The Union Of",MYA
N,N
Namibia,NAM
Nauru,NAU
Nepal,NEP
"Nepal, Federal Democratic Republic Of",NEP
Netherland Antilles,NET
Netherlands,NET
Netherlands Antilles,NET
New Zealand,NEW
Nicaragua,NIC
Niger,NIG
"Niger,Republic Of",NIG
Nigeria,NIG
"Nigeria, Federal Republic Of",NIG
North Korea,NOR
Norway,NOR
"Norway, Kingdom Of",NOR
O,O
Oman,OMA
"Oman, Sultanate Of",OMA
P,P
Pakistan,PAK
"Pakistan, Islamic Republic Of",PAK
Palau,PAL
Palestinian Territories,PAL
Panama,PAN
"Panama, Republic Of",PAN
Papua New Guinea,PAP
Paraguay,PAR
Peru,PER
"Peru, Republic Of",PER
Philippines,PHI
"Philippines, Republic Of",PHI
Poland,POL
Portugal,POR
Q,Q
Qatar,QAT
"Qatar, State Of",QAT
R,R
Republic,REP
Republic Of Congo,REP
Republic Of Zimbabwe,REP
Romania,ROM
Russia,RUS
Rwanda,RWA
S,S
Saint Barthelemy,SAI
Saint Kitts & Nevis,SAI
Saint Kitts And Nevis,SAI
Saint Lucia,SAI
Saint Vincent & The Grenadines,SAI
Saint Vincent And The Grenadi,SAI
Saint Vincent The Grenadi,SAI
Samoa,SAM
San Marino,SAN
"San Marino, Republic Of",SAN
Sao Tome And Principe,SAO
Saudi Arabia,SAU
"Saudi Arabia, Kingdom Of",SAU
Senegal,SEN
"Senegal, Republic Of",SEN
Serbia,SER
"Serbia, Republic Of",SER
Serbia.,SER
Seychelles,SEY
Seychells,SEY
Sierra Leone,SIE
Singapore,SIN
"Singapore, Republic Of",SIN
Slovak Republic,SLO
Slovakia,SLO
Slovakia(Slovak Republic),SLO
Slovenia,SLO
Soloman Islands,SOL
Solomon Islands,SOL
Somalia,SOM
"Somalia, Federal Republic Of",SOM
South Africa,SOU
"South Africa, Republic Of",SOU
South Africa- Zuid Afrika,SOU
South Africa-Zuid Afrika,SOU
South Korea,SOU
South Sudan,SOU
"South Sudan, Republic Of",SOU
Spain,SPA
Sudan,SUD
Suriname,SUR
Swaziland,SWA
Sweden,SWE
Switzerland,SWI
Syrian Arab Republic,SYR
T,T
Taiwan,TAI
Taiwan (Republic Of China),TAI
Taiwan Province Of China,TAI
Tajikistan,TAJ
"Tajikistan, Republic Of",TAJ
Tanzania,TAN
Thailand,THA
"Thailand, Kingdom Of",THA
The Gambia,THE
Timor-Leste,TIM
"Timor-Leste, Democratic Republic Of",TIM
Togo,TOG
Tonga,TON
Trinidad & Tobago,TRI
Trinidad And Tobago,TRI
Tunisia,TUN
"Tunisia, Republic Of",TUN
Turkey,TUR
"Turkey, Republic Of",TUR
Turkmenistan,TUR
Tuvalu,TUV
U,U
Uganda,UGA
Ukraine,UKR
United Arab Emirates,UNI
United Kingdom,UNI
United States,UNI
Uruguay,URU
"Uruguay, Oriental Republic Of",URU
Uzbekistan,UZB
"Uzbekistan, Republic Of",UZB
V,V
Vanuatu,VAN
"Vanuatu, Republic Of",VAN
Vatican City,VAT
"Vatican City, State Of",VAT
Venezuela,VEN
Vietnam,VIE
Y,Y
Yemen,YEM
Yemen (Yemen Arab Rep.),YEM
Yemen (Yemen Arab Republic),YEM
"Yemen, Republic Of",YEM
Z,Z
Zambia,ZAM
Zambia(Northern Rhodesia),ZAM
Zimbabwe,ZIM
